SKU exists, simple ,undefined, 4507,0, Let's Bite Active Adult Cat (+1 Year) , 8906043144874, undefined, undefined
SKU exists, simple ,undefined, 4509,0, Let's Bite Active Kitten Cat Dry Food(1-12months) , 8906043144645, undefined, undefined
SKU exists, simple ,undefined, 4560,0, Let's Bite Active Persian Adult Cat Dry Food (+1 year) , 8906043144867, undefined, undefined
SKU exists, simple ,undefined, 4690,0, Beaphar Salmon Oil for Dog and Cats , 8711231112852, undefined, undefined
SKU exists, simple ,undefined, 4866,0, Drools Cat Food Ocean Fish Kitten 400g , 8906043141651, undefined, undefined
SKU exists, simple ,undefined, 4956,0, Smart Heart Wet Food(Puppy) , 8850477014312, undefined, undefined
SKU exists, simple ,undefined, 4963,0, Smart Heart Dog Wet Food(Adult) , 8850477014336, undefined, undefined
SKU exists, simple ,undefined, 5036,0, Royal Canin Shih Tzu Puppy , 3182550722605, undefined, undefined
SKU exists, simple ,undefined, 5065,0, Emily Love Sand Water Soluble Cat Litter (Flushable) Lemon 10L / 8Kg , 6952054901984, undefined, undefined
SKU exists, simple ,undefined, 5085,0, Hot Funny Cat Toys Multicolored Sucker with Spring Plush Mouse Pet Toys , 19530, undefined, undefined
SKU exists, simple ,undefined, 5097,0, BlackHawk Kitten Cat Food 3kg , 9312239042906, undefined, undefined
SKU exists, simple ,undefined, 5101,0, Doggikam Milk Powder for Puppy , 32547, undefined, undefined
SKU exists, simple ,undefined, 5106,0, Kamal KemHex-K Shampoo 200ml (Cats and Dogs) , 2587496, undefined, undefined
SKU exists, simple ,undefined, 5107,0, CalciKam Pet Supplement (Dog and Cats) , 8906081100313, undefined, undefined
SKU exists, simple ,undefined, 5108,0, Vetgrow Bone Flakes – Roasted Chicken Bones , 4793000387009, undefined, undefined
SKU exists, simple ,undefined, 5114,0, Vetgrow Bones-Up – Mineral &amp; Vitamin Supplement , 4793000387023, undefined, undefined
SKU exists, simple ,undefined, 5116,0, Vetgrow Kick in Punch , 4793000387276, undefined, undefined
SKU exists, simple ,undefined, 5117,0, Vetgrow Red Dogs Nutritional Supplement , 4797000000517, undefined, undefined
SKU exists, simple ,undefined, 5149,0, Catnip For Cats , 3215785, undefined, undefined
SKU exists, simple ,undefined, 5171,0, Basic Cat Litter Tray Small , 7652372562, undefined, undefined
SKU exists, simple ,undefined, 5195,0, Beaphar Lactol Milk Powder (Kitten) , 8711231152025, undefined, undefined
SKU exists, simple ,undefined, 5212,0, Vetzyme Stress Powder For Dogs and Cats , 5026234064095, undefined, undefined
SKU exists, simple ,undefined, 5229,0, Nail Clipper For Cats &amp; Dogs , 6353756, undefined, undefined
SKU exists, simple ,undefined, 5236,0, OCEAN FREE® Herbal Treatment Series Anti-Fungus , 8887677460694, undefined, undefined
SKU exists, simple ,undefined, 5237,0, Qian Hu Humpy Head Aquarium Fish Food , 8887677320998, undefined, undefined
SKU exists, simple ,undefined, 5238,0, OCEAN FREE® Super Vitamin Complex , 8887677380022, undefined, undefined
SKU exists, simple ,undefined, 5276,0, Bed For Cats &amp; Dogs Random Colour , 2543232, undefined, undefined
SKU exists, simple ,undefined, 5305,0, Stick Toys For Cats , 13322, undefined, undefined
